country,year,unemployment,immigrants,int_exp,public_debt,inflation,gdp,gdp_growth,gdp_pc
Austria,2010,5.532222222,,3.0,83.7,1.7,294050.6,2.716452519,35170.0
Austria,2011,5.555952381,,2.8,83.4,3.6,308167.0,4.800670361,36080.0
Austria,2012,5.608333333,43771.0,2.8,82.9,2.6,316589.4,2.733063566,36140.0
Austria,2013,5.638888889,465744.0,2.7,82.4,2.1,321191.7,1.453712601,35840.0
Austria,2014,5.632575758,59377.0,2.5,85.2,1.5,330113.5,2.777718104,35830.0
Austria,2015,5.591666667,5668.0,2.4,85.6,0.8,342083.5,3.626025594,35930.0
Austria,2016,5.528703704,66439.0,2.1,83.4,1.0,355665.6,3.970404887,36230.0
Austria,2017,5.411458333,645156.0,1.8,79.1,2.2,367294.9,3.269728644,36820.0
Austria,2018,5.335714286,683174.0,1.6,74.6,2.1,383234.3,4.339673652,37550.0
Austria,2019,5.352777778,719239.0,1.4,71.0,1.5,395706.8,3.254536455,38040.0
Austria,2020,5.461666667,75742.0,1.4,83.2,1.4,380317.9,-3.888965264,35480.0
Austria,2021,5.302083333,793687.0,1.1,82.4,2.8,406232.1,6.813826012,37040.0
Austria,2022,5.011111111,826339.0,1.0,78.4,8.6,448007.4,10.28360388,38560.0
Austria,2023,5.15,867389.0,1.2,78.5,7.7,473226.7,5.629215053,37860.0
Austria,2024,5.183333333,91726.0,1.5,81.8,2.9,484222.8,2.323643193,37300.0
Belgium,2010,6.940782123,657699.0,3.6,100.2,2.3,363242.4,4.459575383,33340.0
Belgium,2011,6.837125749,69395.0,3.6,102.7,3.4,378745.4,4.267948896,33540.0
Belgium,2012,6.807096774,719489.0,3.6,104.3,2.6,387934.9,2.426300095,33410.0
Belgium,2013,6.737762238,745649.0,3.4,105.0,1.2,394616.3,1.722299283,33350.0
Belgium,2014,6.570229008,761695.0,3.3,106.6,0.5,404958.3,2.620773648,33790.0
Belgium,2015,6.358823529,785759.0,3.0,105.6,0.6,415538.0,2.6125406,34090.0
Belgium,2016,6.1,8817.0,2.8,105.5,1.8,428467.1,3.111412193,34320.0
Belgium,2017,5.878947368,82198.0,2.4,102.5,2.2,443407.2,3.486872154,34700.0
Belgium,2018,5.707142857,83529.0,2.2,100.1,2.3,459491.8,3.627500862,35190.0
Belgium,2019,5.655555556,85312.0,2.0,97.6,1.2,479444.9,4.342427874,35850.0
Belgium,2020,5.705,872415.0,2.0,111.2,0.4,463750.9,-3.273368848,33990.0
Belgium,2021,5.754166667,887558.0,1.7,108.5,3.2,506047.2,9.120478257,35950.0
Belgium,2022,5.575,96451.0,1.6,102.7,10.3,563710.5,11.39484617,37180.0
Belgium,2023,5.595833333,928321.0,2.0,103.2,2.3,596202.7,5.763987011,37310.0
Belgium,2024,5.666666667,94142.0,2.3,104.7,4.3,613983.9,2.9824085,37460.0
Bulgaria,2010,8.288333333,5758.0,0.7,15.3,3.0,38290.0,2.331249649,5080.0
Bulgaria,2011,8.070238095,5858.0,0.7,15.2,3.4,41479.9,8.330895795,5320.0
Bulgaria,2012,7.744230769,5642.0,0.8,16.6,2.4,42255.3,1.869339126,5420.0
Bulgaria,2013,7.283333333,,0.8,17.0,0.4,42056.2,-0.471183497,5470.0
Bulgaria,2014,6.679545455,,0.9,27.0,-1.6,43024.7,2.30287092,5590.0
Bulgaria,2015,6.1075,,0.9,25.9,-1.1,45797.8,6.445367428,5850.0
Bulgaria,2016,5.660185185,,0.9,29.1,-1.3,48752.1,6.450746542,6110.0
Bulgaria,2017,5.297916667,,0.8,25.1,1.2,52501.8,7.691360988,6360.0
Bulgaria,2018,5.03452381,,0.7,22.1,2.6,56131.3,6.913096313,6610.0
Bulgaria,2019,4.843055556,,0.6,20.1,2.5,61308.2,9.22284002,6960.0
Bulgaria,2020,4.775,,0.5,24.4,1.2,61912.5,0.985675652,6810.0
Bulgaria,2021,4.458333333,,0.5,23.8,2.8,71378.4,15.28915809,7380.0
Bulgaria,2022,4.219444444,,0.4,22.5,13.0,86082.4,20.60006949,7730.0
Bulgaria,2023,4.25,1835.0,0.5,22.9,8.6,94709.3,10.0216769,7900.0
Bulgaria,2024,4.175,24889.0,0.5,24.1,2.6,103723.0,9.517227981,8140.0
Croatia,2010,10.96201117,,2.4,56.8,1.1,45988.9,0.269266157,10700.0
Croatia,2011,10.90299401,,2.6,63.1,2.2,45769.6,-0.476854197,10730.0
Croatia,2012,10.68774194,,3.0,68.8,3.4,44870.7,-1.96396735,10520.0
Croatia,2013,10.25524476,,3.1,79.5,2.3,44803.9,-0.148872204,10540.0
Croatia,2014,9.601526718,,3.4,83.2,0.2,44284.6,-1.159050886,10530.0
Croatia,2015,8.839495798,,3.4,82.8,-0.3,45493.1,2.728939631,10850.0
Croatia,2016,8.027102804,,3.1,79.3,-0.6,47577.2,4.581134282,11320.0
Croatia,2017,7.364210526,,2.6,76.2,1.3,50207.3,5.528068066,11810.0
Croatia,2018,6.85060241,,2.3,72.8,1.6,53035.5,5.633045394,12270.0
Croatia,2019,6.611267606,,2.2,70.9,0.8,55768.6,5.153340687,12980.0
Croatia,2020,6.618644068,,2.0,86.5,0.0,50720.9,-9.051150647,12010.0
Croatia,2021,6.363829787,,1.5,78.2,2.7,58394.1,15.12828045,13620.0
Croatia,2022,5.977142857,1771.0,1.4,68.5,10.7,67611.5,15.78481388,14630.0
Croatia,2023,5.641666667,,1.7,61.8,8.4,78060.4,15.4543236,15020.0
Croatia,2024,5.141666667,,1.5,57.6,4.0,85609.8,9.671228946,15630.0
Cyprus,2010,9.629444444,,2.0,59.3,2.6,19461.1,4.206580814,23460.0
Cyprus,2011,9.869047619,,2.1,69.1,3.5,19858.1,2.039966908,22970.0
Cyprus,2012,10.01987179,,3.3,83.6,3.1,19495.4,-1.826458725,21880.0
Cyprus,2013,9.86875,,3.2,107.5,0.4,18040.3,-7.463811976,20460.0
Cyprus,2014,9.318939394,,3.3,112.7,-0.3,17482.8,-3.090303376,20120.0
Cyprus,2015,8.635833333,,3.1,111.6,-1.5,17944.2,2.639165351,20760.0
Cyprus,2016,7.936111111,,2.6,106.9,-1.2,19013.8,5.960700393,22010.0
Cyprus,2017,7.302083333,,2.5,96.5,0.7,20312.4,6.829776268,23080.0
Cyprus,2018,6.758333333,,2.3,100.7,0.8,21807.8,7.362005474,24250.0
Cyprus,2019,6.483333333,,2.2,92.3,0.5,23400.9,7.305184384,25330.0
Cyprus,2020,6.35,,2.0,113.6,-1.1,22373.6,-4.390002094,24190.0
Cyprus,2021,6.041666667,,1.7,96.5,2.3,25679.9,14.77768441,26540.0
Cyprus,2022,5.663888889,,1.3,81.1,8.1,29377.2,14.39764174,27930.0
Cyprus,2023,5.3625,,1.3,73.6,3.9,31340.0,6.681371948,28150.0
Cyprus,2024,4.866666667,,1.2,65.0,2.3,33567.7,7.108168475,28660.0
Czechia,2010,4.225,13486.0,1.3,36.7,1.2,159506.1,6.869539058,15170.0
Czechia,2011,4.006547619,13325.0,1.3,39.4,2.2,166545.5,4.413248145,15470.0
Czechia,2012,3.798076923,14848.0,1.4,43.8,3.5,163759.4,-1.672876181,15330.0
Czechia,2013,3.532638889,157485.0,1.3,44.1,1.4,160470.0,-2.008678586,15330.0
Czechia,2014,3.218939394,167593.0,1.3,41.5,0.4,158991.5,-0.921356017,15670.0
Czechia,2015,2.928333333,178295.0,1.1,39.5,0.3,170527.3,7.255608004,16440.0
Czechia,2016,2.692592593,18922.0,0.9,36.2,0.6,179145.9,5.054088114,16860.0
Czechia,2017,2.535416667,21469.0,0.7,33.8,2.4,196738.7,9.820375459,17720.0
Czechia,2018,2.48452381,2128.0,0.7,31.7,2.0,213505.4,8.522319198,18200.0
Czechia,2019,2.523611111,224747.0,0.7,29.6,2.6,229406.7,7.447727317,18820.0
Czechia,2020,2.621666667,235919.0,0.7,36.9,3.3,220310.6,-3.965054203,17900.0
Czechia,2021,2.6375,16872.0,0.7,40.7,3.3,246012.3,11.66612047,18620.0
Czechia,2022,2.580555556,172636.0,1.1,42.5,14.8,286976.8,16.6514032,18690.0
Czechia,2023,2.679166667,17982.0,1.3,42.5,12.0,319099.1,11.19334385,18500.0
Czechia,2024,2.733333333,18879.0,1.3,43.6,2.7,320741.7,0.514761715,18700.0
Denmark,2010,6.145810056,11552.0,1.8,46.1,2.2,243429.9,4.804710036,43880.0
Denmark,2011,6.030538922,11796.0,1.8,50.0,2.7,248105.0,1.920511819,44270.0
Denmark,2012,5.896774194,12271.0,1.6,48.7,2.4,254300.7,2.497208843,44110.0
Denmark,2013,5.737762238,13244.0,1.6,47.8,0.5,259530.9,2.056699018,44540.0
Denmark,2014,5.588549618,14476.0,1.4,48.7,0.4,265635.7,2.352243991,44870.0
Denmark,2015,5.454621849,156941.0,1.3,44.6,0.2,272193.0,2.46853115,45500.0
Denmark,2016,5.363551402,172497.0,1.1,41.7,0.0,282265.1,3.700352324,46520.0
Denmark,2017,5.285263158,18474.0,0.8,40.2,1.1,294355.0,4.283172096,47640.0
Denmark,2018,5.207228916,19539.0,0.8,38.5,0.7,301017.3,2.263355472,48290.0
Denmark,2019,5.221126761,25623.0,0.7,38.3,0.7,308546.2,2.501151927,48920.0
Denmark,2020,5.266101695,211315.0,0.5,46.3,0.3,312118.3,1.157719654,47940.0
Denmark,2021,5.174468085,216229.0,0.5,40.5,1.9,343318.6,9.996305888,50840.0
Denmark,2022,5.205714286,23553.0,0.7,34.1,8.5,380567.4,10.84963063,50620.0
Denmark,2023,5.6,,0.7,33.6,3.4,374173.6,-1.680070337,50570.0
Denmark,2024,6.1,,0.7,31.1,1.3,392400.7,4.871295035,52080.0
Estonia,2010,7.745555556,,0.1,8.0,2.7,14741.8,4.311339112,11060.0
Estonia,2011,7.118452381,,0.1,7.6,5.1,16741.9,13.56754263,11930.0
Estonia,2012,6.717307692,,0.1,11.1,4.2,18086.6,8.031943806,12410.0
Estonia,2013,6.451388889,7372.0,0.1,11.4,3.2,19163.2,5.952473102,12680.0
Estonia,2014,6.265151515,7479.0,0.1,11.6,0.5,20365.6,6.274526175,13140.0
Estonia,2015,6.160833333,13778.0,0.1,10.8,0.1,21010.9,3.168578387,13410.0
Estonia,2016,6.137037037,1478.0,0.0,10.2,0.8,22189.0,5.607089653,13800.0
Estonia,2017,6.048958333,1589.0,0.0,9.4,3.7,24316.1,9.586281491,14580.0
Estonia,2018,6.080952381,1816.0,0.0,8.5,3.4,26438.5,8.728373382,15070.0
Estonia,2019,6.201388889,258.0,0.0,9.0,2.3,28472.1,7.691813076,15570.0
Estonia,2020,6.545,19978.0,0.1,19.1,-0.6,27859.3,-2.15228241,15070.0
Estonia,2021,6.458333333,,0.1,18.4,4.5,31456.2,12.91094895,16140.0
Estonia,2022,6.55,21587.0,0.1,19.1,19.4,36442.8,15.85251874,16130.0
Estonia,2023,7.0375,2315.0,0.4,20.2,9.1,38187.8,4.788325815,15250.0
Estonia,2024,7.633333333,22936.0,0.6,23.6,3.7,39510.1,3.462624189,15110.0
Finland,2010,8.030555556,5348.0,1.4,50.1,1.7,188147.0,3.528214158,35080.0
Finland,2011,7.992857143,5843.0,1.5,52.0,3.3,197655.0,5.053495405,35750.0
Finland,2012,7.994230769,64873.0,1.5,57.9,3.2,200378.0,1.377652981,35040.0
Finland,2013,8.007638889,72741.0,1.3,60.8,2.2,203497.0,1.556558105,34540.0
Finland,2014,7.982575758,79935.0,1.3,64.8,1.2,205855.0,1.158739441,34220.0
Finland,2015,7.904166667,85894.0,1.2,68.8,-0.2,210192.0,2.106822764,34270.0
Finland,2016,7.733333333,89775.0,1.2,68.6,0.4,215717.0,2.628549136,35060.0
Finland,2017,7.584375,92649.0,1.0,66.6,0.8,224706.0,4.16703366,36130.0
Finland,2018,7.417857143,93694.0,1.0,65.4,1.2,231905.0,3.203741778,36510.0
Finland,2019,7.418055556,95138.0,0.9,65.3,1.1,238518.0,2.851598715,36970.0
Finland,2020,7.555,96371.0,0.7,75.3,0.4,236387.0,-0.893433619,35990.0
Finland,2021,7.502083333,98711.0,0.5,73.2,2.1,248764.0,5.235905528,36880.0
Finland,2022,7.461111111,12924.0,0.6,74.0,7.2,266135.0,6.982923574,37060.0
Finland,2023,7.808333333,15966.0,1.2,77.5,4.3,272874.0,2.532173521,36570.0
Finland,2024,8.4,17881.0,1.6,82.1,1.0,275963.0,1.132024304,36240.0
France,2010,8.944692737,,2.5,86.3,1.7,1996075.1,3.111563651,30830.0
France,2011,8.921556886,,2.7,88.7,2.3,2062141.4,3.309810337,31430.0
France,2012,8.899354839,,2.6,91.7,2.2,2088286.7,1.26787135,31340.0
France,2013,8.826573427,,2.3,94.6,1.0,2120351.9,1.535478821,31430.0
France,2014,8.690839695,1313442.0,2.2,96.2,0.6,2153733.1,1.574323583,31580.0
France,2015,8.531932773,1348735.0,2.0,97.0,0.1,2201401.6,2.213296531,31780.0
France,2016,8.328971963,1375362.0,1.9,98.1,0.3,2231819.2,1.381737889,31930.0
France,2017,8.109473684,145668.0,1.8,98.8,1.2,2291680.5,2.682175151,32470.0
France,2018,7.921686747,145668.0,1.8,98.5,2.1,2355362.8,2.778847226,32850.0
France,2019,7.735211268,1427613.0,1.5,98.2,1.3,2432206.8,3.262512255,33390.0
France,2020,7.593220339,14295.0,1.3,114.9,0.5,2318276.2,-4.684248066,30800.0
France,2021,7.480851064,1452758.0,1.4,112.8,2.1,2508102.3,8.188243489,32770.0
France,2022,7.35,1479169.0,1.9,111.4,5.9,2653997.2,5.816943751,33530.0
France,2023,7.3625,1541776.0,1.9,109.8,5.7,2826541.5,6.501299248,33920.0
France,2024,7.425,1576915.0,2.1,113.0,2.3,2919899.9,3.30291984,34240.0
Germany,2010,4.105555556,267741.0,2.4,81.0,1.1,2616060.0,4.857567729,32590.0
Germany,2011,3.928571429,,2.5,78.5,2.5,2747810.0,5.036199476,33810.0
Germany,2012,3.805769231,256342.0,2.3,79.8,2.2,2800380.0,1.913159935,33910.0
Germany,2013,3.701388889,2813496.0,1.8,77.4,1.6,2867280.0,2.388961498,33950.0
Germany,2014,3.589393939,385295.0,1.6,74.5,0.8,2985170.0,4.111562177,34540.0
Germany,2015,3.476666667,3379751.0,1.4,71.2,0.7,3085650.0,3.365972457,34810.0
Germany,2016,3.37962963,3744.0,1.2,68.3,0.4,3196110.0,3.579796801,35320.0
Germany,2017,3.313541667,3888666.0,1.0,64.0,1.7,3331110.0,4.22388466,36150.0
Germany,2018,3.28452381,4112348.0,0.9,60.8,1.9,3431130.0,3.002602736,36440.0
Germany,2019,3.3,429393.0,0.8,58.7,1.4,3534880.0,3.023785167,36720.0
Germany,2020,3.37,4377366.0,0.6,68.1,0.4,3449620.0,-2.411963065,35180.0
Germany,2021,3.3,4461394.0,0.6,68.1,3.2,3676460.0,6.575796754,36460.0
Germany,2022,3.197222222,45231.0,0.7,65.0,8.7,3953850.0,7.54502973,36690.0
Germany,2023,3.220833333,4363145.0,0.9,62.9,6.0,4185550.0,5.860111031,36290.0
Germany,2024,3.375,449114.0,1.1,62.5,2.5,4305260.0,2.860078126,36120.0
Greece,2010,18.97888889,,6.1,147.8,4.7,223590.5,-4.580053311,20100.0
Greece,2011,19.41011905,,7.7,175.1,3.1,203475.0,-8.996580803,18150.0
Greece,2012,19.51282051,,5.4,164.1,1.0,185899.2,-8.637817914,16720.0
Greece,2013,19.07013889,,4.2,180.4,-0.9,178113.9,-4.187914741,16460.0
Greece,2014,18.27575758,,4.0,182.7,-1.4,176071.8,-1.146513551,16700.0
Greece,2015,17.44083333,,3.6,179.6,-1.1,175362.9,-0.40261984,16780.0
Greece,2016,16.60185185,19713.0,3.2,183.1,0.0,174448.2,-0.521604057,16840.0
Greece,2017,15.68958333,189381.0,3.1,182.1,1.1,177378.5,1.679753646,17120.0
Greece,2018,14.81309524,194857.0,3.4,189.0,0.8,180615.7,1.82502389,17510.0
Greece,2019,13.98888889,196716.0,3.0,183.2,0.5,185181.2,2.527742605,17930.0
Greece,2020,13.21333333,176367.0,3.0,209.4,-1.3,167539.5,-9.526723015,16320.0
Greece,2021,12.1125,16855.0,2.5,197.3,0.6,184574.6,10.16781117,17820.0
Greece,2022,11.21666667,,2.5,177.0,9.3,207854.2,12.61256966,18960.0
Greece,2023,10.60416667,,3.4,163.9,4.2,225196.9,8.343685141,19460.0
Greece,2024,10.14166667,,3.5,153.6,3.0,237573.4,5.495857181,19930.0
Hungary,2010,6.131111111,115928.0,4.1,80.2,4.7,99562.8,5.45052459,9960.0
Hungary,2011,5.799404762,124159.0,4.1,80.5,3.9,101986.9,2.434744704,10180.0
Hungary,2012,5.426282051,8163.0,4.6,78.4,5.7,99979.9,-1.967899799,10100.0
Hungary,2013,4.995833333,78127.0,4.5,77.2,1.7,102210.9,2.231448521,10350.0
Hungary,2014,4.546969697,78175.0,4.0,76.5,0.0,106335.3,4.035186071,10840.0
Hungary,2015,4.249166667,77987.0,3.4,75.7,0.1,112854.0,6.130325489,11280.0
Hungary,2016,3.996296296,82165.0,3.1,74.6,0.4,116593.5,3.313573289,11600.0
Hungary,2017,3.886458333,76242.0,2.6,72.0,2.4,127222.5,9.116288644,12110.0
Hungary,2018,3.86547619,7486.0,2.3,68.8,2.9,136580.0,7.355224115,12820.0
Hungary,2019,3.929166667,7116.0,2.2,65.0,3.4,147373.2,7.90247474,13490.0
Hungary,2020,4.061666667,77519.0,2.3,78.7,3.4,138954.5,-5.712504037,12930.0
Hungary,2021,4.04375,75719.0,2.2,76.2,5.2,154971.7,11.52693867,13930.0
Hungary,2022,4.041666667,78937.0,2.8,73.9,15.3,169054.8,9.087530175,14560.0
Hungary,2023,4.225,83652.0,4.7,73.0,17.0,197902.0,17.06381599,14460.0
Hungary,2024,4.366666667,84451.0,5.0,73.5,3.7,206208.5,4.197279462,14580.0
Ireland,2010,8.812222222,29424.0,2.8,86.1,-1.6,167255.1,-1.335891935,36680.0
Ireland,2011,8.398214286,285373.0,3.3,109.4,1.2,173120.4,3.506798896,37120.0
Ireland,2012,7.858974359,,4.1,118.7,1.9,176621.9,2.022580817,36820.0
Ireland,2013,7.222916667,,4.2,117.5,0.5,182908.6,3.559411375,37440.0
Ireland,2014,6.628030303,,3.8,101.3,0.3,200594.9,9.669474262,40670.0
Ireland,2015,6.101666667,,2.5,74.0,0.0,272282.9,35.73769822,50210.0
Ireland,2016,5.676851852,,2.3,72.6,-0.2,275933.1,1.340590981,50220.0
Ireland,2017,5.338541667,31774.0,1.9,65.2,0.3,308366.0,11.75389977,54510.0
Ireland,2018,5.13452381,32184.0,1.6,61.5,0.7,335136.0,8.68124242,57870.0
Ireland,2019,5.023611111,32611.0,1.3,55.9,0.9,363752.6,8.538802158,59810.0
Ireland,2020,5.031666667,331543.0,1.0,57.0,-0.5,381728.7,4.941847838,63230.0
Ireland,2021,4.829166667,32853.0,0.7,52.6,2.4,448445.1,17.47743882,72680.0
Ireland,2022,4.358333333,334394.0,0.6,43.1,8.1,520718.4,16.11642094,76520.0
Ireland,2023,4.304166667,347547.0,0.7,43.3,5.2,524728.8,0.770166754,73230.0
Ireland,2024,4.3,357849.0,0.6,40.9,1.3,562794.2,7.254299745,73890.0
Italy,2010,9.992777778,178383.0,4.3,118.8,1.6,1617944.7,2.136087037,27050.0
Italy,2011,10.09940476,1154461.0,4.6,119.1,2.9,1657362.2,2.436269917,27140.0
Italy,2012,10.21666667,121958.0,5.1,125.9,3.3,1632898.5,-1.476062384,26220.0
Italy,2013,10.15972222,138271.0,4.8,131.9,1.2,1621260.7,-0.712708108,25690.0
Italy,2014,9.959090909,135686.0,4.6,134.8,0.2,1635870.7,0.901150568,25690.0
Italy,2015,9.676666667,137282.0,4.1,134.8,0.1,1663277.7,1.675376911,25960.0
Italy,2016,9.416666667,1438494.0,3.9,134.2,-0.1,1704856.7,2.49982309,26330.0
Italy,2017,9.129166667,14584.0,3.7,133.7,1.3,1744493.0,2.324905079,26800.0
Italy,2018,8.820238095,1462611.0,3.6,134.2,1.2,1777744.4,1.906078156,27080.0
Italy,2019,8.523611111,1472847.0,3.3,133.9,0.6,1804066.8,1.480662799,27260.0
Italy,2020,8.246666667,1474867.0,3.4,154.4,-0.1,1670011.9,-7.430706003,24960.0
Italy,2021,7.970833333,146623.0,3.4,145.8,1.9,1842507.4,10.32899825,27330.0
Italy,2022,7.452777778,1389331.0,4.1,138.3,8.7,1998072.6,8.443124842,28710.0
Italy,2023,7.120833333,1393782.0,3.7,134.6,5.9,2131390.0,6.672300096,28930.0
Italy,2024,6.558333333,138964.0,3.9,135.3,1.1,2192181.6,2.85220443,29150.0
Latvia,2010,10.08277778,,1.8,48.6,-1.2,17572.2,-4.533156585,8380.0
Latvia,2011,9.411309524,,1.9,46.6,4.2,19022.6,8.253946575,8790.0
Latvia,2012,8.890384615,5389.0,1.7,44.0,2.3,21270.9,11.81909939,9550.0
Latvia,2013,8.379166667,5372.0,1.6,41.8,0.0,21997.0,3.413583816,9850.0
Latvia,2014,8.062121212,5792.0,1.4,43.1,0.7,22790.5,3.607310088,10150.0
Latvia,2015,7.785833333,6471.0,1.3,38.3,0.2,23744.3,4.185077115,10630.0
Latvia,2016,7.552777778,5725.0,1.1,41.7,0.1,24498.2,3.175077808,11000.0
Latvia,2017,7.291666667,5667.0,1.0,40.3,2.9,26017.1,6.20004735,11480.0
Latvia,2018,7.088095238,599.0,0.8,38.3,2.6,28153.4,8.211138059,12070.0
Latvia,2019,7.033333333,6128.0,0.8,37.9,2.7,29567.0,5.021063175,12230.0
Latvia,2020,7.18,6276.0,0.7,44.0,0.1,29224.3,-1.159062468,11890.0
Latvia,2021,6.952083333,6343.0,0.5,45.9,3.2,32283.8,10.46902749,12820.0
Latvia,2022,6.755555556,6618.0,0.5,44.4,17.2,36099.7,11.81986012,13040.0
Latvia,2023,6.7125,6488.0,0.7,44.6,9.1,39372.4,9.065726308,13450.0
Latvia,2024,6.908333333,67.0,1.1,46.8,1.3,40208.4,2.123314809,13530.0
Lithuania,2010,9.425555556,,1.8,36.7,1.2,27663.4,2.557695516,8930.0
Lithuania,2011,8.825,,1.9,37.4,4.1,31066.4,12.30145246,9710.0
Lithuania,2012,8.319230769,,2.0,39.9,3.2,33240.4,6.997914145,10270.0
Lithuania,2013,7.895833333,2695.0,1.8,38.9,1.2,34874.0,4.914501631,10790.0
Lithuania,2014,7.540909091,2557.0,1.7,40.7,0.2,36410.1,4.404714114,11290.0
Lithuania,2015,7.221666667,231.0,1.6,42.4,-0.7,37440.7,2.830533286,11710.0
Lithuania,2016,7.008333333,1947.0,1.4,39.8,0.7,38820.7,3.685828524,12160.0
Lithuania,2017,6.894791667,161.0,1.2,39.1,3.7,42274.6,8.897057498,12880.0
Lithuania,2018,6.864285714,136.0,1.0,33.3,2.5,45947.4,8.6879592,13630.0
Lithuania,2019,6.976388889,135.0,0.9,35.6,2.2,49239.2,7.164279154,14300.0
Lithuania,2020,7.116666667,1352.0,0.7,45.9,1.1,50264.6,2.082487124,14310.0
Lithuania,2021,6.764583333,117.0,0.5,43.3,4.6,56679.7,12.76266,15240.0
Lithuania,2022,6.638888889,1588.0,0.3,38.1,18.9,67455.5,19.01174495,15500.0
Lithuania,2023,6.991666667,1948.0,0.6,37.3,8.7,73792.8,9.394786192,15330.0
Lithuania,2024,7.141666667,2654.0,0.8,38.2,0.9,78409.8,6.256707972,15670.0
Luxembourg,2010,5.605,,0.4,19.1,2.8,42402.7,8.583712968,83550.0
Luxembourg,2011,5.679166667,,0.5,18.5,3.7,44323.5,4.529900219,82490.0
Luxembourg,2012,5.744230769,,0.5,20.8,2.9,46526.2,4.96959852,81940.0
Luxembourg,2013,5.799305556,,0.5,22.4,1.7,49094.5,5.520115548,82400.0
Luxembourg,2014,5.796212121,,0.4,21.9,0.7,51791.3,5.493079673,82590.0
Luxembourg,2015,5.7725,,0.4,21.1,0.1,54142.3,4.539372443,82820.0
Luxembourg,2016,5.69537037,223387.0,0.4,19.6,0.0,56208.1,3.815501004,84750.0
Luxembourg,2017,5.616666667,234179.0,0.4,21.8,2.1,58168.8,3.488287275,84020.0
Luxembourg,2018,5.617857143,238459.0,0.3,20.9,2.0,60193.4,3.480560025,83720.0
Luxembourg,2019,5.631944444,24287.0,0.3,22.3,1.6,62415.0,3.690770084,84260.0
Luxembourg,2020,5.638333333,242561.0,0.2,24.5,0.0,64499.2,3.339261395,82550.0
Luxembourg,2021,5.38125,244165.0,0.1,24.2,3.5,73039.5,13.24093942,86900.0
Luxembourg,2022,5.372222222,24598.0,0.2,24.9,8.2,76731.2,5.054388379,84090.0
Luxembourg,2023,5.766666667,245753.0,0.3,25.0,2.9,80991.9,5.552760807,81950.0
Luxembourg,2024,6.308333333,245548.0,0.3,26.3,2.3,86104.0,6.311865754,81490.0
Malta,2010,4.809444444,,3.0,65.0,2.0,6862.0,9.135441186,16550.0
Malta,2011,4.664285714,,3.1,68.9,2.5,7032.8,2.489070242,16640.0
Malta,2012,4.531410256,,2.9,65.6,3.2,7479.5,6.351666477,17190.0
Malta,2013,4.388888889,,2.8,64.9,1.0,8129.4,8.689083495,18030.0
Malta,2014,4.237121212,,2.6,60.7,0.8,8948.5,10.07577435,19020.0
Malta,2015,4.086666667,,2.3,55.0,1.2,10221.4,14.2247304,20360.0
Malta,2016,3.942592593,,2.0,53.1,0.9,10864.3,6.289745045,20710.0
Malta,2017,3.84375,,1.7,45.6,1.3,12535.7,15.38433217,22760.0
Malta,2018,3.820238095,,1.4,41.4,1.7,13678.6,9.117161387,23540.0
Malta,2019,3.8,,1.3,39.3,1.5,14594.2,6.693667481,23520.0
Malta,2020,3.741666667,,1.2,48.8,0.8,14370.5,-1.532800702,22260.0
Malta,2021,3.464583333,,1.0,49.8,0.7,16677.3,16.05232942,25080.0
Malta,2022,3.366666667,,0.9,49.5,6.1,18273.0,9.568095555,25470.0
Malta,2023,3.308333333,,1.1,47.9,5.6,20545.9,12.43857057,26140.0
Malta,2024,3.133333333,,1.2,47.4,2.4,22462.5,9.328381818,26830.0
Netherlands,2010,5.695,2795.0,1.9,58.9,0.9,643022.0,2.038963904,38700.0
Netherlands,2011,5.666666667,294659.0,1.9,61.2,2.5,656013.0,2.020304126,39200.0
Netherlands,2012,5.638461538,32911.0,1.7,65.7,2.8,658232.0,0.338255492,38680.0
Netherlands,2013,5.539583333,3447.0,1.7,67.2,2.6,665567.0,1.11434874,38550.0
Netherlands,2014,5.297727273,36712.0,1.5,67.2,0.3,678627.0,1.962236709,39030.0
Netherlands,2015,4.993333333,387927.0,1.3,63.8,0.2,699175.0,3.027878348,39680.0
Netherlands,2016,4.669444444,414479.0,1.2,60.9,0.1,720175.0,3.003539886,40430.0
Netherlands,2017,4.377083333,443831.0,1.0,56.0,1.3,750861.0,4.260908807,41310.0
Netherlands,2018,4.160714286,479611.0,0.9,51.6,1.6,787273.0,4.849366261,42000.0
Netherlands,2019,4.041666667,52431.0,0.8,47.7,2.7,829767.0,5.397619377,42680.0
Netherlands,2020,3.965,56872.0,0.7,53.4,1.1,816463.0,-1.603341661,40800.0
Netherlands,2021,3.741666667,599632.0,0.5,50.5,2.8,891550.0,9.196620055,43140.0
Netherlands,2022,3.575,65691.0,0.6,48.4,11.6,993820.0,11.47103359,44870.0
Netherlands,2023,3.604166667,7423.0,0.7,45.2,4.1,1050133.0,5.666317844,44160.0
Netherlands,2024,3.658333333,745524.0,0.7,43.3,3.2,1122459.0,6.887318083,44350.0
Poland,2010,6.083888889,,2.5,53.7,2.6,360890.7,13.53159037,9490.0
Poland,2011,5.805952381,,2.5,54.8,3.9,379540.6,5.167741923,9980.0
Poland,2012,5.487820513,,2.7,54.5,3.7,387660.3,2.139349519,10130.0
Poland,2013,5.079166667,,2.5,56.9,0.8,390177.0,0.649202407,10210.0
Poland,2014,4.576515152,,2.0,51.1,0.1,408714.7,4.751100142,10620.0
Poland,2015,4.114166667,,1.8,51.1,-0.7,432485.8,5.816061913,11090.0
Poland,2016,3.72037037,23124.0,1.7,54.1,-0.2,427658.6,-1.116152253,11440.0
Poland,2017,3.405208333,2724.0,1.6,50.4,1.6,469071.2,9.683565349,12020.0
Poland,2018,3.185714286,27681.0,1.4,48.2,1.2,503951.0,7.435928703,12780.0
Poland,2019,3.065277778,28986.0,1.4,45.2,2.1,538423.5,6.840446789,13370.0
Poland,2020,3.028333333,33197.0,1.3,56.6,3.7,531827.4,-1.225076543,13370.0
Poland,2021,2.991666667,,1.1,53.0,5.2,583001.4,9.622294752,14370.0
Poland,2022,2.866666667,,1.5,48.8,13.2,661712.3,13.50097959,14800.0
Poland,2023,2.8625,,2.1,49.5,10.9,751931.7,13.63423349,14900.0
Poland,2024,2.891666667,,2.2,55.3,3.7,845651.9,12.46392458,15390.0
Portugal,2010,10.33777778,77861.0,2.9,99.9,1.4,179860.4,2.533400526,17010.0
Portugal,2011,10.17738095,86112.0,4.3,114.0,3.6,176318.0,-1.969527478,16720.0
Portugal,2012,9.919871795,9127.0,4.8,128.6,2.8,168538.8,-4.412028267,16110.0
Portugal,2013,9.366666667,83841.0,4.8,130.8,0.4,170675.6,1.267838622,16030.0
Portugal,2014,8.650757576,83386.0,4.8,132.5,-0.2,173186.7,1.471270644,16240.0
Portugal,2015,8.051666667,83144.0,4.5,131.0,0.5,179392.7,3.583416048,16560.0
Portugal,2016,7.503703704,87477.0,4.1,131.2,0.6,186380.7,3.89536475,16930.0
Portugal,2017,7.009375,98228.0,3.7,126.0,1.6,195509.1,4.897717414,17520.0
Portugal,2018,6.692857143,11396.0,3.3,121.1,1.2,204997.6,4.853226781,18040.0
Portugal,2019,6.611111111,131911.0,2.9,116.1,0.3,214489.9,4.630444454,18500.0
Portugal,2020,6.606666667,145449.0,2.8,134.1,-0.1,201032.7,-6.274048335,16940.0
Portugal,2021,6.48125,153575.0,2.4,123.9,0.9,216493.7,7.690788613,17840.0
Portugal,2022,6.4,163993.0,1.9,111.2,8.1,243957.1,12.68554235,18970.0
Portugal,2023,6.516666667,17523.0,2.1,97.7,5.3,267923.2,9.823899366,19270.0
Portugal,2024,6.466666667,179276.0,2.1,94.9,2.7,285180.6,6.441174187,19450.0
Romania,2010,6.963888889,,1.8,29.0,6.1,128305.3,2.464067184,6340.0
Romania,2011,6.816071429,,1.9,32.3,5.8,138528.2,7.967636567,6650.0
Romania,2012,6.639102564,15853.0,2.0,35.4,3.4,139307.7,0.562701313,6810.0
Romania,2013,6.465972222,18474.0,1.9,37.8,3.2,142936.0,2.60452222,6850.0
Romania,2014,6.237878788,19438.0,1.6,39.1,1.4,150528.8,5.312027761,7160.0
Romania,2015,6.0025,32182.0,1.5,37.7,-0.4,160289.0,6.483941943,7420.0
Romania,2016,5.739814815,45715.0,1.3,37.8,-1.1,167497.1,4.496939902,7680.0
Romania,2017,5.560416667,51126.0,1.1,35.3,1.1,186399.2,11.2850312,8360.0
Romania,2018,5.48452381,54237.0,1.0,34.4,4.1,206201.2,10.62343615,8920.0
Romania,2019,5.523611111,57723.0,1.0,35.0,3.9,224767.4,9.003924322,9310.0
Romania,2020,5.648333333,629.0,1.2,46.6,2.3,221075.5,-1.642542468,9020.0
Romania,2021,5.552083333,6477.0,1.3,48.3,4.1,242260.4,9.58265389,9590.0
Romania,2022,5.536111111,,1.4,47.9,12.0,281761.4,16.30518236,10020.0
Romania,2023,5.508333333,53665.0,1.9,48.9,9.7,324368.6,15.12173066,10250.0
Romania,2024,5.466666667,58821.0,2.3,54.8,5.8,353821.1,9.079947936,10340.0
Slovakia,2010,9.454748603,5248.0,1.3,40.7,0.7,68726.7,7.2930961,12660.0
Slovakia,2011,9.09760479,53289.0,1.5,43.3,4.1,71629.5,4.223685991,13060.0
Slovakia,2012,8.782051282,52626.0,1.8,51.7,3.7,73727.6,2.92910044,13240.0
Slovakia,2013,8.358333333,54488.0,1.9,54.6,1.5,74642.7,1.241190545,13320.0
Slovakia,2014,7.828787879,4368.0,1.9,53.4,-0.1,76562.3,2.571718333,13670.0
Slovakia,2015,7.288333333,45567.0,1.8,51.6,-0.3,80376.3,4.981564033,14360.0
Slovakia,2016,6.808333333,48692.0,1.7,52.1,-0.5,81621.6,1.549337305,14620.0
Slovakia,2017,6.432291667,51623.0,1.4,51.4,1.4,84960.4,4.090583865,15020.0
Slovakia,2018,6.182142857,5394.0,1.3,49.3,2.5,90275.9,6.256444179,15610.0
Slovakia,2019,6.102777778,56138.0,1.2,48.0,2.8,94547.5,4.731716881,15940.0
Slovakia,2020,6.175,57952.0,1.2,58.4,2.0,94320.6,-0.239985193,15510.0
Slovakia,2021,6.083333333,6114.0,1.1,60.2,2.8,101933.5,8.071301497,16450.0
Slovakia,2022,5.825,3792.0,1.0,57.7,12.1,110046.4,7.959012493,16470.0
Slovakia,2023,5.629166667,38787.0,1.2,55.6,11.0,123833.2,12.52816994,16830.0
Slovakia,2024,5.391666667,3942.0,1.4,59.3,3.2,130985.1,5.775430175,17170.0
Slovenia,2010,6.549444444,1242.0,1.7,38.6,2.1,36050.8,0.615400932,17600.0
Slovenia,2011,6.5,1271.0,1.9,46.8,2.1,36782.2,2.028803799,17680.0
Slovenia,2012,6.370512821,1364.0,2.0,54.1,2.8,35933.6,-2.307094192,17130.0
Slovenia,2013,6.161805556,14814.0,2.6,70.8,1.9,36041.3,0.299719483,16960.0
Slovenia,2014,5.802272727,1599.0,3.3,81.1,0.4,37270.9,3.411641644,17410.0
Slovenia,2015,5.411666667,16747.0,3.3,83.4,-0.8,38493.9,3.28138038,17820.0
Slovenia,2016,5.014814815,17162.0,3.1,79.4,-0.2,40013.2,3.946859113,18350.0
Slovenia,2017,4.644791667,18241.0,2.5,74.9,1.6,42625.5,6.528595563,19280.0
Slovenia,2018,4.371428571,1917.0,2.0,71.0,1.9,45462.4,6.655405802,20070.0
Slovenia,2019,4.251388889,215.0,1.6,66.0,1.7,48156.5,5.925995988,20600.0
Slovenia,2020,4.215,2877.0,1.6,80.2,-0.3,46738.7,-2.944150842,19630.0
Slovenia,2021,4.020833333,2112.0,1.2,74.8,2.0,52022.6,11.30519249,21230.0
Slovenia,2022,3.772222222,21192.0,1.1,72.7,9.3,56908.8,9.392456356,21790.0
Slovenia,2023,3.65,2825.0,1.2,68.4,7.2,63951.2,12.37488754,22130.0
Slovenia,2024,3.666666667,2858.0,1.3,67.0,2.0,66968.1,4.717503346,22420.0
Spain,2010,18.13444444,17625.0,1.9,60.3,2.0,1077145.0,0.387235669,23130.0
Spain,2011,18.01130952,177964.0,2.5,69.5,3.0,1068690.0,-0.784945388,22900.0
Spain,2012,17.74935897,173148.0,3.0,89.6,2.4,1035964.0,-3.062253787,22240.0
Spain,2013,17.16180556,1682367.0,3.6,100.0,1.5,1025652.0,-0.995401385,22000.0
Spain,2014,16.34924242,166681.0,3.5,104.4,-0.2,1038949.0,1.296443628,22400.0
Spain,2015,15.53916667,1558853.0,3.1,102.5,-0.6,1087112.0,4.635742467,23340.0
Spain,2016,14.81388889,1536991.0,2.8,102.0,-0.3,1122967.0,3.298188227,24000.0
Spain,2017,14.21145833,1524374.0,2.5,101.2,2.0,1170024.0,4.190416994,24650.0
Spain,2018,13.77738095,152466.0,2.4,99.8,1.7,1212276.0,3.611207975,25130.0
Spain,2019,13.53055556,154411.0,2.3,97.7,0.8,1253710.0,3.417868538,25420.0
Spain,2020,13.41333333,15771.0,2.2,119.3,-0.3,1129214.0,-9.930207145,22510.0
Spain,2021,12.88125,1577521.0,2.1,115.7,3.0,1235474.0,9.410085245,24020.0
Spain,2022,12.19722222,1594136.0,2.3,109.5,8.3,1373629.0,11.18234783,25270.0
Spain,2023,11.775,163363.0,2.4,105.1,3.4,1498324.0,9.077778643,25620.0
Spain,2024,11.36666667,1662425.0,2.4,101.8,2.9,1591627.0,6.227157811,26190.0
Sweden,2010,7.76424581,25886.0,1.1,38.6,1.9,372381.5,18.9589552,39710.0
Sweden,2011,7.696407186,254851.0,1.2,37.7,1.4,410287.8,10.17942621,40660.0
Sweden,2012,7.681290323,26167.0,1.0,38.0,0.9,427901.2,4.292937787,40200.0
Sweden,2013,7.648251748,26575.0,0.9,40.8,0.4,439805.4,2.78199734,40310.0
Sweden,2014,7.604580153,27465.0,0.7,45.7,0.2,435639.5,-0.947214382,40820.0
Sweden,2015,7.560504202,276618.0,0.5,44.5,0.7,452337.2,3.832916896,42160.0
Sweden,2016,7.56635514,28426.0,0.5,42.8,1.1,463918.8,2.560390788,42560.0
Sweden,2017,7.630526316,29597.0,0.4,41.6,1.9,474838.2,2.353730868,42750.0
Sweden,2018,7.75060241,29833.0,0.5,39.8,2.0,465753.3,-1.913262244,43000.0
Sweden,2019,7.952777778,31999.0,0.4,35.7,1.7,474202.9,1.814179309,43650.0
Sweden,2020,8.16,35943.0,0.3,40.4,0.7,478106.9,0.823276281,42520.0
Sweden,2021,8.11875,299162.0,0.2,36.9,2.7,533953.6,11.68079775,44480.0
Sweden,2022,7.830555556,299852.0,0.5,33.8,8.1,547190.4,2.479016903,44560.0
Sweden,2023,7.983333333,38973.0,0.7,31.6,5.9,535176.8,-2.195506354,44170.0
Sweden,2024,8.358333333,313162.0,0.6,33.5,2.0,559138.7,4.477380185,44480.0